{
  "model_info": {
    "architecture": "DeeplabV3+",
    "input_channels": 4,
    "input_type": "rgb_nir",
    "output_channels": 1,
    "input_size": [
      256,
      256
    ]
  },
  "training_config": {
    "input_type": "rgb_nir",
    "batch_size": 8,
    "learning_rate": 0.001,
    "epochs": 500,
    "patience": 10,
    "device": "cuda"
  },
  "best_fold": {
    "fold_id": 4,
    "epochs_trained": 77,
    "val_loss": 0.2855559372239643,
    "val_miou": 0.7141240288813909,
    "val_iou": 0.4448568258020613,
    "val_dice": 0.6139580938551161,
    "val_maccuracy": 0.8237397968769073,
    "val_pixel_accuracy": 0.9841668009757996
  },
  "cross_validation_summary": {
    "n_folds": 5,
    "mean_miou": 0.6968339880307516,
    "std_miou": 0.015129373589151814,
    "mean_iou": 0.4124558872646755,
    "std_iou": 0.029290867798182543,
    "mean_dice": 0.5808134131961399,
    "std_dice": 0.03115550102339547,
    "mean_maccuracy": 0.8080610404411951,
    "std_maccuracy": 0.02546122388828566
  },
  "test_performance": {
    "loss": 0.3171920006473859,
    "miou": 0.6843846601744493,
    "iou": 0.38759878029425937,
    "dice": 0.5531709616382917,
    "maccuracy": 0.7560003052155176,
    "pixel_accuracy": 0.9814081192016602
  },
  "timing_info": {
    "data_loading": {
      "total": 0.013914346694946289,
      "average": 0.002782869338989258,
      "count": 5,
      "min": 0.0025560855865478516,
      "max": 0.0033195018768310547
    },
    "model_setup": {
      "total": 2.0923590660095215,
      "average": 0.4184718132019043,
      "count": 5,
      "min": 0.40757131576538086,
      "max": 0.43427324295043945
    },
    "train_batch": {
      "total": 500.2317728996277,
      "average": 0.04147858813429749,
      "count": 12060,
      "min": 0.03588986396789551,
      "max": 0.33231544494628906
    },
    "train_epoch": {
      "total": 3241.765653848648,
      "average": 9.676912399548204,
      "count": 335,
      "min": 9.488752603530884,
      "max": 10.351922035217285
    },
    "val_batch": {
      "total": 48.895268201828,
      "average": 0.016217336053674297,
      "count": 3015,
      "min": 0.014969110488891602,
      "max": 0.02186274528503418
    },
    "val_epoch": {
      "total": 715.8428721427917,
      "average": 2.136844394456095,
      "count": 335,
      "min": 2.0429916381835938,
      "max": 2.2718029022216797
    },
    "fold_0_training": {
      "total": 625.9479460716248,
      "average": 625.9479460716248,
      "count": 1,
      "min": 625.9479460716248,
      "max": 625.9479460716248
    },
    "fold_0_total": {
      "total": 626.3855535984039,
      "average": 626.3855535984039,
      "count": 1,
      "min": 626.3855535984039,
      "max": 626.3855535984039
    },
    "fold_1_training": {
      "total": 588.9011902809143,
      "average": 588.9011902809143,
      "count": 1,
      "min": 588.9011902809143,
      "max": 588.9011902809143
    },
    "fold_1_total": {
      "total": 589.3113286495209,
      "average": 589.3113286495209,
      "count": 1,
      "min": 589.3113286495209,
      "max": 589.3113286495209
    },
    "fold_2_training": {
      "total": 897.6274433135986,
      "average": 897.6274433135986,
      "count": 1,
      "min": 897.6274433135986,
      "max": 897.6274433135986
    },
    "fold_2_total": {
      "total": 898.0446419715881,
      "average": 898.0446419715881,
      "count": 1,
      "min": 898.0446419715881,
      "max": 898.0446419715881
    },
    "fold_3_training": {
      "total": 935.6947062015533,
      "average": 935.6947062015533,
      "count": 1,
      "min": 935.6947062015533,
      "max": 935.6947062015533
    },
    "fold_3_total": {
      "total": 936.1103692054749,
      "average": 936.1103692054749,
      "count": 1,
      "min": 936.1103692054749,
      "max": 936.1103692054749
    },
    "fold_4_training": {
      "total": 910.2807178497314,
      "average": 910.2807178497314,
      "count": 1,
      "min": 910.2807178497314,
      "max": 910.2807178497314
    },
    "fold_4_total": {
      "total": 910.7064454555511,
      "average": 910.7064454555511,
      "count": 1,
      "min": 910.7064454555511,
      "max": 910.7064454555511
    },
    "total_training_time": {
      "total": 3960.5653908252716,
      "average": 3960.5653908252716,
      "count": 1,
      "min": 3960.5653908252716,
      "max": 3960.5653908252716
    },
    "test_data_preparation": {
      "total": 0.001312255859375,
      "average": 0.001312255859375,
      "count": 1,
      "min": 0.001312255859375,
      "max": 0.001312255859375
    },
    "test_inference": {
      "total": 59.607609033584595,
      "average": 59.607609033584595,
      "count": 1,
      "min": 59.607609033584595,
      "max": 59.607609033584595
    },
    "visualization": {
      "total": 2.890803098678589,
      "average": 2.890803098678589,
      "count": 1,
      "min": 2.890803098678589,
      "max": 2.890803098678589
    }
  },
  "training_date": "2025-07-27 09:11:45",
  "device_used": "cuda"
}