{
  "model_info": {
    "architecture": "DeeplabV3",
    "input_channels": 4,
    "input_type": "rgb_nir",
    "output_channels": 1,
    "input_size": [
      256,
      256
    ]
  },
  "training_config": {
    "input_type": "rgb_nir",
    "batch_size": 8,
    "learning_rate": 0.001,
    "epochs": 200,
    "patience": 7,
    "device": "cuda"
  },
  "best_fold": {
    "fold_id": 0,
    "epochs_trained": 65,
    "val_loss": 0.2659027775128682,
    "val_miou": 0.6908062315649457,
    "val_iou": 0.402226189772288,
    "val_dice": 0.5720644593238831,
    "val_maccuracy": 0.8465168939696418,
    "val_pixel_accuracy": 0.982094513045417
  },
  "cross_validation_summary": {
    "n_folds": 5,
    "mean_miou": 0.663095077044434,
    "std_miou": 0.02569717172722207,
    "mean_iou": 0.3490522944264941,
    "std_iou": 0.048800811247144034,
    "mean_dice": 0.5124078035354616,
    "std_dice": 0.054600156751501594,
    "mean_maccuracy": 0.8088047789202797,
    "std_maccuracy": 0.04760961792201384
  },
  "test_performance": {
    "loss": 0.28411529461542767,
    "miou": 0.6746525168418884,
    "iou": 0.36889681220054626,
    "dice": 0.5381848936279615,
    "maccuracy": 0.7714591473340988,
    "pixel_accuracy": 0.9806486765543619
  },
  "timing_info": {
    "data_loading": {
      "total": 0.012541532516479492,
      "average": 0.0025083065032958985,
      "count": 5,
      "min": 0.002241849899291992,
      "max": 0.0027129650115966797
    },
    "model_setup": {
      "total": 4.848217248916626,
      "average": 0.9696434497833252,
      "count": 5,
      "min": 0.9573159217834473,
      "max": 0.9877269268035889
    },
    "train_batch": {
      "total": 534.4613358974457,
      "average": 0.06511468517269076,
      "count": 8208,
      "min": 0.04331064224243164,
      "max": 0.07218265533447266
    },
    "train_epoch": {
      "total": 2309.486321210861,
      "average": 10.129325970223075,
      "count": 228,
      "min": 9.897868394851685,
      "max": 10.461129903793335
    },
    "val_batch": {
      "total": 45.919785499572754,
      "average": 0.022378063108953582,
      "count": 2052,
      "min": 0.02091383934020996,
      "max": 0.025518178939819336
    },
    "val_epoch": {
      "total": 475.9623873233795,
      "average": 2.0875543303656996,
      "count": 228,
      "min": 1.9869356155395508,
      "max": 2.237211227416992
    },
    "fold_0_training": {
      "total": 794.5470921993256,
      "average": 794.5470921993256,
      "count": 1,
      "min": 794.5470921993256,
      "max": 794.5470921993256
    },
    "fold_0_total": {
      "total": 795.5122282505035,
      "average": 795.5122282505035,
      "count": 1,
      "min": 795.5122282505035,
      "max": 795.5122282505035
    },
    "fold_1_training": {
      "total": 721.7242059707642,
      "average": 721.7242059707642,
      "count": 1,
      "min": 721.7242059707642,
      "max": 721.7242059707642
    },
    "fold_1_total": {
      "total": 722.6931376457214,
      "average": 722.6931376457214,
      "count": 1,
      "min": 722.6931376457214,
      "max": 722.6931376457214
    },
    "fold_2_training": {
      "total": 367.6653757095337,
      "average": 367.6653757095337,
      "count": 1,
      "min": 367.6653757095337,
      "max": 367.6653757095337
    },
    "fold_2_total": {
      "total": 368.62535667419434,
      "average": 368.62535667419434,
      "count": 1,
      "min": 368.62535667419434,
      "max": 368.62535667419434
    },
    "fold_3_training": {
      "total": 365.86426973342896,
      "average": 365.86426973342896,
      "count": 1,
      "min": 365.86426973342896,
      "max": 365.86426973342896
    },
    "fold_3_total": {
      "total": 366.8544692993164,
      "average": 366.8544692993164,
      "count": 1,
      "min": 366.8544692993164,
      "max": 366.8544692993164
    },
    "fold_4_training": {
      "total": 536.2136890888214,
      "average": 536.2136890888214,
      "count": 1,
      "min": 536.2136890888214,
      "max": 536.2136890888214
    },
    "fold_4_total": {
      "total": 537.1902506351471,
      "average": 537.1902506351471,
      "count": 1,
      "min": 537.1902506351471,
      "max": 537.1902506351471
    },
    "total_training_time": {
      "total": 2790.8819308280945,
      "average": 2790.8819308280945,
      "count": 1,
      "min": 2790.8819308280945,
      "max": 2790.8819308280945
    },
    "test_data_preparation": {
      "total": 0.001050710678100586,
      "average": 0.001050710678100586,
      "count": 1,
      "min": 0.001050710678100586,
      "max": 0.001050710678100586
    },
    "test_inference": {
      "total": 2.726689338684082,
      "average": 2.726689338684082,
      "count": 1,
      "min": 2.726689338684082,
      "max": 2.726689338684082
    },
    "visualization": {
      "total": 2.746617555618286,
      "average": 2.746617555618286,
      "count": 1,
      "min": 2.746617555618286,
      "max": 2.746617555618286
    }
  },
  "training_date": "2025-07-26 21:59:19",
  "device_used": "cuda"
}