Fold,Val Loss,Val IoU,Val Dice
0,0.532568355401357,0.41364040474096936,0.5781138572427962
1,0.5269014139970144,0.4161122540632884,0.5842242538928986
