{
  "model_info": {
    "architecture": "UNet",
    "input_channels": 4,
    "input_type": "rgb_nir",
    "output_channels": 1,
    "input_size": [
      256,
      256
    ]
  },
  "training_config": {
    "input_type": "rgb_nir",
    "batch_size": 8,
    "learning_rate": 0.0001,
    "epochs": 200,
    "patience": 7
  },
  "best_fold": {
    "fold_id": 2,
    "epochs_trained": 106,
    "val_loss": 0.21669083502557543,
    "val_miou": 0.7396865752008226,
    "val_dice": 0.6601880656348335,
    "val_maccuracy": 0.9094253215524886,
    "val_pixel_accuracy": 0.9853139983283149
  },
  "cross_validation_summary": {
    "n_folds": 5,
    "mean_miou": 0.7169763455788295,
    "std_miou": 0.018263056999430257,
    "mean_dice": 0.6183143496513367,
    "std_dice": 0.033109449578629144,
    "mean_maccuracy": 0.8862265646457672,
    "std_maccuracy": 0.01946599578356991
  },
  "test_performance": {
    "loss": 0.27657470603783924,
    "miou": 0.6860034397492806,
    "dice": 0.5556769619385401,
    "maccuracy": 0.7447836933036646,
    "pixel_accuracy": 0.9822767575581869
  },
  "timing_info": {
    "data_loading": {
      "total": 0.012771844863891602,
      "average": 0.00255436897277832,
      "count": 5,
      "min": 0.002209901809692383,
      "max": 0.0032339096069335938
    },
    "model_setup": {
      "total": 4.908761501312256,
      "average": 0.9817523002624512,
      "count": 5,
      "min": 0.07634377479553223,
      "max": 4.590508460998535
    },
    "train_batch": {
      "total": 4524.825485944748,
      "average": 0.24742046620432787,
      "count": 18288,
      "min": 0.13342499732971191,
      "max": 0.6174979209899902
    },
    "train_epoch": {
      "total": 7637.325501680374,
      "average": 15.034105318268454,
      "count": 508,
      "min": 14.6362624168396,
      "max": 21.474982738494873
    },
    "val_batch": {
      "total": 350.57568979263306,
      "average": 0.0766788472862277,
      "count": 4572,
      "min": 0.06697654724121094,
      "max": 0.08444523811340332
    },
    "val_epoch": {
      "total": 1086.4539470672607,
      "average": 2.1386888721796473,
      "count": 508,
      "min": 2.0142061710357666,
      "max": 3.4104011058807373
    },
    "fold_0_training": {
      "total": 1812.8509645462036,
      "average": 1812.8509645462036,
      "count": 1,
      "min": 1812.8509645462036,
      "max": 1812.8509645462036
    },
    "fold_0_total": {
      "total": 1817.4442584514618,
      "average": 1817.4442584514618,
      "count": 1,
      "min": 1817.4442584514618,
      "max": 1817.4442584514618
    },
    "fold_1_training": {
      "total": 1803.973942041397,
      "average": 1803.973942041397,
      "count": 1,
      "min": 1803.973942041397,
      "max": 1803.973942041397
    },
    "fold_1_total": {
      "total": 1804.0544300079346,
      "average": 1804.0544300079346,
      "count": 1,
      "min": 1804.0544300079346,
      "max": 1804.0544300079346
    },
    "fold_2_training": {
      "total": 1810.26793217659,
      "average": 1810.26793217659,
      "count": 1,
      "min": 1810.26793217659,
      "max": 1810.26793217659
    },
    "fold_2_total": {
      "total": 1810.3474955558777,
      "average": 1810.3474955558777,
      "count": 1,
      "min": 1810.3474955558777,
      "max": 1810.3474955558777
    },
    "fold_3_training": {
      "total": 1799.552806854248,
      "average": 1799.552806854248,
      "count": 1,
      "min": 1799.552806854248,
      "max": 1799.552806854248
    },
    "fold_3_total": {
      "total": 1799.631367444992,
      "average": 1799.631367444992,
      "count": 1,
      "min": 1799.631367444992,
      "max": 1799.631367444992
    },
    "fold_4_training": {
      "total": 1498.0006220340729,
      "average": 1498.0006220340729,
      "count": 1,
      "min": 1498.0006220340729,
      "max": 1498.0006220340729
    },
    "fold_4_total": {
      "total": 1498.090294599533,
      "average": 1498.090294599533,
      "count": 1,
      "min": 1498.090294599533,
      "max": 1498.090294599533
    },
    "total_training_time": {
      "total": 8729.572365760803,
      "average": 8729.572365760803,
      "count": 1,
      "min": 8729.572365760803,
      "max": 8729.572365760803
    },
    "test_data_preparation": {
      "total": 0.0014967918395996094,
      "average": 0.0014967918395996094,
      "count": 1,
      "min": 0.0014967918395996094,
      "max": 0.0014967918395996094
    },
    "test_inference": {
      "total": 4.733928442001343,
      "average": 4.733928442001343,
      "count": 1,
      "min": 4.733928442001343,
      "max": 4.733928442001343
    },
    "visualization": {
      "total": 2.923034191131592,
      "average": 2.923034191131592,
      "count": 1,
      "min": 2.923034191131592,
      "max": 2.923034191131592
    }
  },
  "training_date": "2025-07-23 10:22:57",
  "device_used": "cuda"
}