{
  "model_info": {
    "architecture": "UNet",
    "input_channels": 4,
    "input_type": "rgb_nir",
    "output_channels": 1,
    "input_size": [
      256,
      256
    ]
  },
  "training_config": {
    "input_type": "rgb_nir",
    "batch_size": 8,
    "learning_rate": 0.0001,
    "epochs": 200,
    "patience": 7
  },
  "best_fold": {
    "fold_id": 2,
    "epochs_trained": 92,
    "val_loss": 0.22083379162682426,
    "val_miou": 0.7311008440123664,
    "val_dice": 0.6448538965649075,
    "val_maccuracy": 0.8770946429835426,
    "val_pixel_accuracy": 0.9848994347784255
  },
  "cross_validation_summary": {
    "n_folds": 5,
    "mean_miou": 0.7142522517177794,
    "std_miou": 0.010801459036969793,
    "mean_dice": 0.6140214900175731,
    "std_dice": 0.019460587292018407,
    "mean_maccuracy": 0.8693573991457623,
    "std_maccuracy": 0.01026450653264557
  },
  "test_performance": {
    "loss": 0.25288523733615875,
    "miou": 0.7015728379289309,
    "dice": 0.5859489167730013,
    "maccuracy": 0.7608372271060944,
    "pixel_accuracy": 0.9840459823608398
  },
  "timing_info": {
    "data_loading": {
      "total": 0.012776613235473633,
      "average": 0.0025553226470947264,
      "count": 5,
      "min": 0.0020966529846191406,
      "max": 0.003193378448486328
    },
    "model_setup": {
      "total": 5.05077862739563,
      "average": 1.010155725479126,
      "count": 5,
      "min": 0.09839010238647461,
      "max": 4.600430011749268
    },
    "train_batch": {
      "total": 2697.59565281868,
      "average": 0.16876849679796546,
      "count": 15984,
      "min": 0.08945488929748535,
      "max": 0.5220654010772705
    },
    "train_epoch": {
      "total": 5409.774004459381,
      "average": 12.184175685719326,
      "count": 444,
      "min": 11.735532999038696,
      "max": 17.82667326927185
    },
    "val_batch": {
      "total": 240.06485986709595,
      "average": 0.060076291258032016,
      "count": 3996,
      "min": 0.051671743392944336,
      "max": 0.06645655632019043
    },
    "val_epoch": {
      "total": 889.8360571861267,
      "average": 2.0041352639327177,
      "count": 444,
      "min": 1.8842682838439941,
      "max": 3.884932518005371
    },
    "fold_0_training": {
      "total": 1513.2897284030914,
      "average": 1513.2897284030914,
      "count": 1,
      "min": 1513.2897284030914,
      "max": 1513.2897284030914
    },
    "fold_0_total": {
      "total": 1517.8933627605438,
      "average": 1517.8933627605438,
      "count": 1,
      "min": 1517.8933627605438,
      "max": 1517.8933627605438
    },
    "fold_1_training": {
      "total": 1290.4933166503906,
      "average": 1290.4933166503906,
      "count": 1,
      "min": 1290.4933166503906,
      "max": 1290.4933166503906
    },
    "fold_1_total": {
      "total": 1290.6051666736603,
      "average": 1290.6051666736603,
      "count": 1,
      "min": 1290.6051666736603,
      "max": 1290.6051666736603
    },
    "fold_2_training": {
      "total": 1297.5645096302032,
      "average": 1297.5645096302032,
      "count": 1,
      "min": 1297.5645096302032,
      "max": 1297.5645096302032
    },
    "fold_2_total": {
      "total": 1297.6651315689087,
      "average": 1297.6651315689087,
      "count": 1,
      "min": 1297.6651315689087,
      "max": 1297.6651315689087
    },
    "fold_3_training": {
      "total": 1250.2219667434692,
      "average": 1250.2219667434692,
      "count": 1,
      "min": 1250.2219667434692,
      "max": 1250.2219667434692
    },
    "fold_3_total": {
      "total": 1250.3457839488983,
      "average": 1250.3457839488983,
      "count": 1,
      "min": 1250.3457839488983,
      "max": 1250.3457839488983
    },
    "fold_4_training": {
      "total": 948.5661401748657,
      "average": 948.5661401748657,
      "count": 1,
      "min": 948.5661401748657,
      "max": 948.5661401748657
    },
    "fold_4_total": {
      "total": 948.689831495285,
      "average": 948.689831495285,
      "count": 1,
      "min": 948.689831495285,
      "max": 948.689831495285
    },
    "total_training_time": {
      "total": 6305.202357769012,
      "average": 6305.202357769012,
      "count": 1,
      "min": 6305.202357769012,
      "max": 6305.202357769012
    },
    "test_data_preparation": {
      "total": 0.0019636154174804688,
      "average": 0.0019636154174804688,
      "count": 1,
      "min": 0.0019636154174804688,
      "max": 0.0019636154174804688
    },
    "test_inference": {
      "total": 4.426939249038696,
      "average": 4.426939249038696,
      "count": 1,
      "min": 4.426939249038696,
      "max": 4.426939249038696
    },
    "visualization": {
      "total": 2.841679573059082,
      "average": 2.841679573059082,
      "count": 1,
      "min": 2.841679573059082,
      "max": 2.841679573059082
    }
  },
  "training_date": "2025-07-23 01:56:02",
  "device_used": "cuda"
}